date,league,home_team,away_team,home_goals,away_goals,status,season
2024-04-13T21:30:00Z,BSA,SC Internacional,EC Bahia,2,1,FINISHED,2024
2024-04-13T21:30:00Z,BSA,Criciúma EC,EC Juventude,1,1,FINISHED,2024
2024-04-14T00:00:00Z,BSA,Fluminense FC,RB Bragantino,2,2,FINISHED,2024
2024-04-14T00:00:00Z,BSA,São Paulo FC,Fortaleza EC,1,2,FINISHED,2024
2024-04-14T19:00:00Z,BSA,CR Vasco da Gama,Grêmio FBPA,2,1,FINISHED,2024
2024-04-14T19:00:00Z,BSA,SC Corinthians Paulista,CA Mineiro,0,0,FINISHED,2024
2024-04-14T19:00:00Z,BSA,CA Paranaense,Cuiabá EC,4,0,FINISHED,2024
2024-04-14T19:00:00Z,BSA,AC Goianiense,CR Flamengo,1,2,FINISHED,2024
2024-04-14T20:00:00Z,BSA,Cruzeiro EC,Botafogo FR,3,2,FINISHED,2024
2024-04-14T21:30:00Z,BSA,EC Vitória,SE Palmeiras,0,1,FINISHED,2024
2024-04-17T00:30:00Z,BSA,EC Bahia,Fluminense FC,2,1,FINISHED,2024
2024-04-17T22:00:00Z,BSA,RB Bragantino,CR Vasco da Gama,2,1,FINISHED,2024
2024-04-17T22:00:00Z,BSA,Grêmio FBPA,CA Paranaense,2,0,FINISHED,2024
2024-04-17T23:00:00Z,BSA,CA Mineiro,Criciúma EC,1,1,FINISHED,2024
2024-04-17T23:00:00Z,BSA,Fortaleza EC,Cruzeiro EC,1,1,FINISHED,2024
2024-04-17T23:00:00Z,BSA,EC Juventude,SC Corinthians Paulista,2,0,FINISHED,2024
2024-04-17T23:00:00Z,BSA,SE Palmeiras,SC Internacional,0,1,FINISHED,2024
2024-04-18T00:30:00Z,BSA,CR Flamengo,São Paulo FC,2,1,FINISHED,2024
2024-04-19T00:30:00Z,BSA,Botafogo FR,AC Goianiense,1,0,FINISHED,2024
2024-04-20T19:00:00Z,BSA,Fluminense FC,CR Vasco da Gama,2,1,FINISHED,2024
2024-04-20T21:30:00Z,BSA,RB Bragantino,SC Corinthians Paulista,1,0,FINISHED,2024
2024-04-20T21:30:00Z,BSA,Grêmio FBPA,Cuiabá EC,1,0,FINISHED,2024
2024-04-21T00:00:00Z,BSA,CA Mineiro,Cruzeiro EC,3,0,FINISHED,2024
2024-04-21T19:00:00Z,BSA,CA Paranaense,SC Internacional,1,0,FINISHED,2024
2024-04-21T19:00:00Z,BSA,SE Palmeiras,CR Flamengo,0,0,FINISHED,2024
2024-04-21T19:00:00Z,BSA,EC Vitória,EC Bahia,2,2,FINISHED,2024
2024-04-21T21:30:00Z,BSA,AC Goianiense,São Paulo FC,0,3,FINISHED,2024
2024-04-21T21:30:00Z,BSA,Botafogo FR,EC Juventude,5,1,FINISHED,2024
2024-04-27T19:00:00Z,BSA,CR Vasco da Gama,Criciúma EC,0,4,FINISHED,2024
2024-04-27T21:30:00Z,BSA,Cuiabá EC,CA Mineiro,0,3,FINISHED,2024
2024-04-28T00:00:00Z,BSA,EC Bahia,Grêmio FBPA,1,0,FINISHED,2024
2024-04-28T14:00:00Z,BSA,CR Flamengo,Botafogo FR,0,2,FINISHED,2024
2024-04-28T19:00:00Z,BSA,SC Corinthians Paulista,Fluminense FC,3,0,FINISHED,2024
2024-04-28T19:00:00Z,BSA,Cruzeiro EC,EC Vitória,3,1,FINISHED,2024
2024-04-28T21:30:00Z,BSA,Fortaleza EC,RB Bragantino,1,1,FINISHED,2024
2024-04-28T21:30:00Z,BSA,EC Juventude,CA Paranaense,1,1,FINISHED,2024
2024-04-28T23:00:00Z,BSA,SC Internacional,AC Goianiense,1,1,FINISHED,2024
2024-04-29T23:00:00Z,BSA,São Paulo FC,SE Palmeiras,0,0,FINISHED,2024
2024-05-04T19:00:00Z,BSA,Fluminense FC,CA Mineiro,2,2,FINISHED,2024
2024-05-04T21:30:00Z,BSA,RB Bragantino,CR Flamengo,1,1,FINISHED,2024
2024-05-05T00:00:00Z,BSA,SC Corinthians Paulista,Fortaleza EC,0,0,FINISHED,2024
2024-05-05T19:00:00Z,BSA,CA Paranaense,CR Vasco da Gama,1,0,FINISHED,2024
2024-05-05T19:00:00Z,BSA,EC Vitória,São Paulo FC,1,3,FINISHED,2024
2024-05-05T21:30:00Z,BSA,Botafogo FR,EC Bahia,1,2,FINISHED,2024
2024-05-05T21:30:00Z,BSA,Cuiabá EC,SE Palmeiras,0,2,FINISHED,2024
2024-05-11T19:00:00Z,BSA,CR Flamengo,SC Corinthians Paulista,2,0,FINISHED,2024
2024-05-12T19:00:00Z,BSA,AC Goianiense,Cruzeiro EC,0,1,FINISHED,2024
2024-05-12T19:00:00Z,BSA,Fortaleza EC,Botafogo FR,1,1,FINISHED,2024
2024-05-12T19:00:00Z,BSA,SE Palmeiras,CA Paranaense,0,2,FINISHED,2024
2024-05-12T21:30:00Z,BSA,EC Bahia,RB Bragantino,1,0,FINISHED,2024
2024-05-12T21:30:00Z,BSA,CR Vasco da Gama,EC Vitória,2,1,FINISHED,2024
2024-05-13T23:00:00Z,BSA,São Paulo FC,Fluminense FC,2,1,FINISHED,2024
2024-06-01T19:00:00Z,BSA,Grêmio FBPA,RB Bragantino,0,2,FINISHED,2024
2024-06-01T19:00:00Z,BSA,EC Vitória,AC Goianiense,0,2,FINISHED,2024
2024-06-01T21:30:00Z,BSA,Cuiabá EC,SC Internacional,0,1,FINISHED,2024
2024-06-01T21:30:00Z,BSA,Fluminense FC,EC Juventude,1,1,FINISHED,2024
2024-06-02T00:00:00Z,BSA,SC Corinthians Paulista,Botafogo FR,0,1,FINISHED,2024
2024-06-02T19:00:00Z,BSA,CA Mineiro,EC Bahia,1,1,FINISHED,2024
2024-06-02T19:00:00Z,BSA,Criciúma EC,SE Palmeiras,1,2,FINISHED,2024
2024-06-02T19:00:00Z,BSA,CR Vasco da Gama,CR Flamengo,1,6,FINISHED,2024
2024-06-02T21:30:00Z,BSA,Fortaleza EC,CA Paranaense,1,0,FINISHED,2024
2024-06-02T21:30:00Z,BSA,São Paulo FC,Cruzeiro EC,2,0,FINISHED,2024
2024-06-05T22:00:00Z,BSA,EC Juventude,AC Goianiense,1,0,FINISHED,2024
2024-06-05T23:00:00Z,BSA,Cuiabá EC,EC Vitória,0,0,FINISHED,2024
2024-06-09T19:00:00Z,BSA,Criciúma EC,Cuiabá EC,2,5,FINISHED,2024
2024-06-11T22:00:00Z,BSA,AC Goianiense,SC Corinthians Paulista,2,2,FINISHED,2024
2024-06-11T22:00:00Z,BSA,EC Juventude,EC Vitória,1,1,FINISHED,2024
2024-06-11T23:00:00Z,BSA,Botafogo FR,Fluminense FC,1,0,FINISHED,2024
2024-06-12T00:30:00Z,BSA,RB Bragantino,CA Mineiro,1,2,FINISHED,2024
2024-06-13T22:00:00Z,BSA,Cruzeiro EC,Cuiabá EC,2,1,FINISHED,2024
2024-06-13T23:00:00Z,BSA,CR Flamengo,Grêmio FBPA,2,1,FINISHED,2024
2024-06-13T23:00:00Z,BSA,SC Internacional,São Paulo FC,0,0,FINISHED,2024
2024-06-13T23:00:00Z,BSA,CA Paranaense,Criciúma EC,3,1,FINISHED,2024
2024-06-14T00:30:00Z,BSA,EC Bahia,Fortaleza EC,1,0,FINISHED,2024
2024-06-14T00:30:00Z,BSA,SE Palmeiras,CR Vasco da Gama,2,0,FINISHED,2024
2024-06-15T21:30:00Z,BSA,RB Bragantino,EC Juventude,2,1,FINISHED,2024
2024-06-16T00:00:00Z,BSA,Fluminense FC,AC Goianiense,1,2,FINISHED,2024
2024-06-16T19:00:00Z,BSA,CA Paranaense,CR Flamengo,1,1,FINISHED,2024
2024-06-16T19:00:00Z,BSA,SC Corinthians Paulista,São Paulo FC,2,2,FINISHED,2024
2024-06-16T19:00:00Z,BSA,EC Vitória,SC Internacional,2,1,FINISHED,2024
2024-06-16T21:30:00Z,BSA,Criciúma EC,EC Bahia,2,2,FINISHED,2024
2024-06-16T21:30:00Z,BSA,Cuiabá EC,Fortaleza EC,5,0,FINISHED,2024
2024-06-16T21:30:00Z,BSA,Grêmio FBPA,Botafogo FR,1,2,FINISHED,2024
2024-06-16T21:30:00Z,BSA,CR Vasco da Gama,Cruzeiro EC,0,0,FINISHED,2024
2024-06-17T23:30:00Z,BSA,CA Mineiro,SE Palmeiras,0,4,FINISHED,2024
2024-06-19T22:00:00Z,BSA,AC Goianiense,Criciúma EC,1,2,FINISHED,2024
2024-06-19T22:00:00Z,BSA,Botafogo FR,CA Paranaense,1,1,FINISHED,2024
2024-06-19T23:00:00Z,BSA,Fortaleza EC,Grêmio FBPA,1,0,FINISHED,2024
2024-06-19T23:00:00Z,BSA,EC Juventude,CR Vasco da Gama,2,0,FINISHED,2024
2024-06-19T23:00:00Z,BSA,São Paulo FC,Cuiabá EC,0,1,FINISHED,2024
2024-06-20T00:30:00Z,BSA,Cruzeiro EC,Fluminense FC,2,0,FINISHED,2024
2024-06-20T00:30:00Z,BSA,SC Internacional,SC Corinthians Paulista,1,0,FINISHED,2024
2024-06-20T21:30:00Z,BSA,EC Vitória,CA Mineiro,4,2,FINISHED,2024
2024-06-20T23:00:00Z,BSA,CR Flamengo,EC Bahia,2,1,FINISHED,2024
2024-06-21T00:30:00Z,BSA,SE Palmeiras,RB Bragantino,2,1,FINISHED,2024
2024-06-22T19:00:00Z,BSA,Criciúma EC,Botafogo FR,2,1,FINISHED,2024
2024-06-22T20:30:00Z,BSA,Grêmio FBPA,SC Internacional,0,1,FINISHED,2024
2024-06-22T21:30:00Z,BSA,Cuiabá EC,AC Goianiense,0,0,FINISHED,2024
2024-06-23T00:30:00Z,BSA,CR Vasco da Gama,São Paulo FC,4,1,FINISHED,2024
2024-06-23T19:00:00Z,BSA,CA Paranaense,SC Corinthians Paulista,1,1,FINISHED,2024
2024-06-23T19:00:00Z,BSA,EC Bahia,Cruzeiro EC,4,1,FINISHED,2024
2024-06-23T19:00:00Z,BSA,Fluminense FC,CR Flamengo,0,1,FINISHED,2024
2024-06-23T21:30:00Z,BSA,CA Mineiro,Fortaleza EC,1,1,FINISHED,2024
2024-06-23T21:30:00Z,BSA,RB Bragantino,EC Vitória,2,1,FINISHED,2024
2024-06-23T21:30:00Z,BSA,SE Palmeiras,EC Juventude,3,1,FINISHED,2024
2024-06-26T22:00:00Z,BSA,Botafogo FR,RB Bragantino,2,1,FINISHED,2024
2024-06-26T22:00:00Z,BSA,Cruzeiro EC,CA Paranaense,2,0,FINISHED,2024
2024-06-26T23:00:00Z,BSA,AC Goianiense,Grêmio FBPA,1,1,FINISHED,2024
2024-06-26T23:00:00Z,BSA,SC Corinthians Paulista,Cuiabá EC,1,1,FINISHED,2024
2024-06-26T23:00:00Z,BSA,EC Juventude,CR Flamengo,2,1,FINISHED,2024
2024-06-27T00:30:00Z,BSA,EC Bahia,CR Vasco da Gama,2,1,FINISHED,2024
2024-06-27T00:30:00Z,BSA,Fortaleza EC,SE Palmeiras,3,0,FINISHED,2024
2024-06-27T00:30:00Z,BSA,SC Internacional,CA Mineiro,1,2,FINISHED,2024
2024-06-27T22:00:00Z,BSA,Fluminense FC,EC Vitória,0,1,FINISHED,2024
2024-06-27T23:00:00Z,BSA,São Paulo FC,Criciúma EC,2,1,FINISHED,2024
2024-06-29T21:30:00Z,BSA,Cuiabá EC,RB Bragantino,1,1,FINISHED,2024
2024-06-29T21:30:00Z,BSA,CR Vasco da Gama,Botafogo FR,1,1,FINISHED,2024
2024-06-30T14:00:00Z,BSA,CA Mineiro,AC Goianiense,1,1,FINISHED,2024
2024-06-30T19:00:00Z,BSA,Fortaleza EC,EC Juventude,2,1,FINISHED,2024
2024-06-30T19:00:00Z,BSA,Grêmio FBPA,Fluminense FC,1,0,FINISHED,2024
2024-06-30T19:00:00Z,BSA,São Paulo FC,EC Bahia,3,1,FINISHED,2024
2024-06-30T21:30:00Z,BSA,Criciúma EC,SC Internacional,1,1,FINISHED,2024
2024-06-30T21:30:00Z,BSA,CR Flamengo,Cruzeiro EC,2,1,FINISHED,2024
2024-06-30T21:30:00Z,BSA,EC Vitória,CA Paranaense,0,1,FINISHED,2024
2024-07-01T23:00:00Z,BSA,SE Palmeiras,SC Corinthians Paulista,2,0,FINISHED,2024
2024-07-03T22:00:00Z,BSA,Cuiabá EC,Botafogo FR,1,2,FINISHED,2024
2024-07-03T23:00:00Z,BSA,Criciúma EC,Cruzeiro EC,1,0,FINISHED,2024
2024-07-03T23:00:00Z,BSA,CR Vasco da Gama,Fortaleza EC,2,0,FINISHED,2024
2024-07-04T00:30:00Z,BSA,CA Paranaense,São Paulo FC,1,2,FINISHED,2024
2024-07-04T00:30:00Z,BSA,CA Mineiro,CR Flamengo,2,4,FINISHED,2024
2024-07-04T00:30:00Z,BSA,RB Bragantino,AC Goianiense,3,1,FINISHED,2024
2024-07-04T22:00:00Z,BSA,EC Bahia,EC Juventude,2,0,FINISHED,2024
2024-07-04T22:00:00Z,BSA,Grêmio FBPA,SE Palmeiras,2,2,FINISHED,2024
2024-07-04T23:00:00Z,BSA,SC Corinthians Paulista,EC Vitória,3,2,FINISHED,2024
2024-07-04T23:00:00Z,BSA,Fluminense FC,SC Internacional,1,1,FINISHED,2024
2024-07-06T23:00:00Z,BSA,CR Flamengo,Cuiabá EC,1,1,FINISHED,2024
2024-07-06T23:00:00Z,BSA,São Paulo FC,RB Bragantino,2,0,FINISHED,2024
2024-07-07T19:00:00Z,BSA,Cruzeiro EC,SC Corinthians Paulista,3,0,FINISHED,2024
2024-07-07T19:00:00Z,BSA,Fortaleza EC,Fluminense FC,1,0,FINISHED,2024
2024-07-07T19:00:00Z,BSA,EC Juventude,Grêmio FBPA,3,0,FINISHED,2024
2024-07-07T21:00:00Z,BSA,SC Internacional,CR Vasco da Gama,1,2,FINISHED,2024
2024-07-07T21:30:00Z,BSA,AC Goianiense,CA Paranaense,1,2,FINISHED,2024
2024-07-07T21:30:00Z,BSA,SE Palmeiras,EC Bahia,2,0,FINISHED,2024
2024-07-07T21:30:00Z,BSA,EC Vitória,Criciúma EC,2,1,FINISHED,2024
2024-07-07T23:30:00Z,BSA,Botafogo FR,CA Mineiro,3,0,FINISHED,2024
2024-07-10T21:30:00Z,BSA,Grêmio FBPA,Cruzeiro EC,0,2,FINISHED,2024
2024-07-10T22:00:00Z,BSA,CA Paranaense,EC Bahia,1,3,FINISHED,2024
2024-07-10T22:00:00Z,BSA,CR Vasco da Gama,SC Corinthians Paulista,2,0,FINISHED,2024
2024-07-11T22:30:00Z,BSA,SE Palmeiras,AC Goianiense,3,1,FINISHED,2024
2024-07-11T23:00:00Z,BSA,Criciúma EC,Fluminense FC,1,1,FINISHED,2024
2024-07-11T23:00:00Z,BSA,CR Flamengo,Fortaleza EC,1,2,FINISHED,2024
2024-07-12T00:30:00Z,BSA,CA Mineiro,São Paulo FC,2,1,FINISHED,2024
2024-07-12T00:30:00Z,BSA,EC Vitória,Botafogo FR,0,1,FINISHED,2024
2024-07-13T19:00:00Z,BSA,EC Bahia,Cuiabá EC,1,2,FINISHED,2024
2024-07-13T19:00:00Z,BSA,Cruzeiro EC,RB Bragantino,2,1,FINISHED,2024
2024-07-16T22:00:00Z,BSA,EC Juventude,CA Mineiro,1,1,FINISHED,2024
2024-07-17T00:00:00Z,BSA,SC Corinthians Paulista,Criciúma EC,2,1,FINISHED,2024
2024-07-17T22:00:00Z,BSA,AC Goianiense,CR Vasco da Gama,0,1,FINISHED,2024
2024-07-17T23:00:00Z,BSA,São Paulo FC,Grêmio FBPA,1,0,FINISHED,2024
2024-07-18T00:30:00Z,BSA,Botafogo FR,SE Palmeiras,1,0,FINISHED,2024
2024-07-18T00:30:00Z,BSA,Fortaleza EC,EC Vitória,3,1,FINISHED,2024
2024-07-20T19:00:00Z,BSA,CR Flamengo,Criciúma EC,2,1,FINISHED,2024
2024-07-20T21:30:00Z,BSA,Botafogo FR,SC Internacional,1,0,FINISHED,2024
2024-07-21T00:00:00Z,BSA,SE Palmeiras,Cruzeiro EC,2,0,FINISHED,2024
2024-07-21T14:00:00Z,BSA,Grêmio FBPA,EC Vitória,2,0,FINISHED,2024
2024-07-21T19:00:00Z,BSA,CA Mineiro,CR Vasco da Gama,2,0,FINISHED,2024
2024-07-21T19:00:00Z,BSA,EC Bahia,SC Corinthians Paulista,0,1,FINISHED,2024
2024-07-21T21:30:00Z,BSA,RB Bragantino,CA Paranaense,1,0,FINISHED,2024
2024-07-21T21:30:00Z,BSA,Fortaleza EC,AC Goianiense,3,1,FINISHED,2024
2024-07-21T21:30:00Z,BSA,EC Juventude,São Paulo FC,0,0,FINISHED,2024
2024-07-21T23:00:00Z,BSA,Cuiabá EC,Fluminense FC,0,1,FINISHED,2024
2024-07-24T22:00:00Z,BSA,Cruzeiro EC,EC Juventude,2,0,FINISHED,2024
2024-07-24T22:00:00Z,BSA,Criciúma EC,Fortaleza EC,1,1,FINISHED,2024
2024-07-24T22:30:00Z,BSA,São Paulo FC,Botafogo FR,2,2,FINISHED,2024
2024-07-24T23:00:00Z,BSA,EC Vitória,CR Flamengo,1,2,FINISHED,2024
2024-07-25T00:30:00Z,BSA,AC Goianiense,EC Bahia,1,1,FINISHED,2024
2024-07-25T00:30:00Z,BSA,Fluminense FC,SE Palmeiras,1,0,FINISHED,2024
2024-07-25T23:00:00Z,BSA,SC Corinthians Paulista,Grêmio FBPA,2,2,FINISHED,2024
2024-07-27T22:00:00Z,BSA,EC Juventude,Criciúma EC,1,2,FINISHED,2024
2024-07-27T22:00:00Z,BSA,SE Palmeiras,EC Vitória,0,2,FINISHED,2024
2024-07-27T23:00:00Z,BSA,EC Bahia,SC Internacional,1,1,FINISHED,2024
2024-07-28T00:30:00Z,BSA,Botafogo FR,Cruzeiro EC,0,3,FINISHED,2024
2024-07-28T00:30:00Z,BSA,Fortaleza EC,São Paulo FC,1,0,FINISHED,2024
2024-07-28T14:00:00Z,BSA,RB Bragantino,Fluminense FC,0,1,FINISHED,2024
2024-07-28T19:00:00Z,BSA,CR Flamengo,AC Goianiense,2,0,FINISHED,2024
2024-07-28T22:00:00Z,BSA,CA Mineiro,SC Corinthians Paulista,2,1,FINISHED,2024
2024-07-28T22:00:00Z,BSA,Cuiabá EC,CA Paranaense,1,2,FINISHED,2024
2024-07-28T22:00:00Z,BSA,Grêmio FBPA,CR Vasco da Gama,1,0,FINISHED,2024
2024-08-03T19:00:00Z,BSA,EC Vitória,Cuiabá EC,1,0,FINISHED,2024
2024-08-03T22:00:00Z,BSA,CR Vasco da Gama,RB Bragantino,2,2,FINISHED,2024
2024-08-03T23:00:00Z,BSA,AC Goianiense,Botafogo FR,1,4,FINISHED,2024
2024-08-03T23:00:00Z,BSA,Criciúma EC,CA Mineiro,2,1,FINISHED,2024
2024-08-04T00:30:00Z,BSA,São Paulo FC,CR Flamengo,1,0,FINISHED,2024
2024-08-04T19:00:00Z,BSA,CA Paranaense,Grêmio FBPA,0,2,FINISHED,2024
2024-08-04T19:00:00Z,BSA,SC Corinthians Paulista,EC Juventude,1,1,FINISHED,2024
2024-08-04T19:00:00Z,BSA,Fluminense FC,EC Bahia,1,0,FINISHED,2024
2024-08-04T20:00:00Z,BSA,SC Internacional,SE Palmeiras,1,1,FINISHED,2024
2024-08-06T00:00:00Z,BSA,Cruzeiro EC,Fortaleza EC,1,2,FINISHED,2024
2024-08-10T19:00:00Z,BSA,Fortaleza EC,Criciúma EC,1,0,FINISHED,2024
2024-08-10T22:00:00Z,BSA,Cuiabá EC,Grêmio FBPA,1,3,FINISHED,2024
2024-08-11T00:30:00Z,BSA,SC Corinthians Paulista,RB Bragantino,1,1,FINISHED,2024
2024-08-11T00:30:00Z,BSA,Cruzeiro EC,CA Mineiro,0,0,FINISHED,2024
2024-08-11T00:30:00Z,BSA,CR Vasco da Gama,Fluminense FC,2,0,FINISHED,2024
2024-08-11T14:00:00Z,BSA,EC Juventude,Botafogo FR,3,2,FINISHED,2024
2024-08-11T19:00:00Z,BSA,EC Bahia,EC Vitória,2,0,FINISHED,2024
2024-08-11T19:00:00Z,BSA,CR Flamengo,SE Palmeiras,1,1,FINISHED,2024
2024-08-11T19:00:00Z,BSA,São Paulo FC,AC Goianiense,1,0,FINISHED,2024
2024-08-11T22:00:00Z,BSA,SC Internacional,CA Paranaense,2,2,FINISHED,2024
2024-08-14T22:30:00Z,BSA,SC Internacional,EC Juventude,2,1,FINISHED,2024
2024-08-17T19:00:00Z,BSA,CA Mineiro,Cuiabá EC,1,1,FINISHED,2024
2024-08-17T19:00:00Z,BSA,Grêmio FBPA,EC Bahia,0,2,FINISHED,2024
2024-08-17T21:30:00Z,BSA,RB Bragantino,Fortaleza EC,1,2,FINISHED,2024
2024-08-18T00:00:00Z,BSA,Fluminense FC,SC Corinthians Paulista,0,0,FINISHED,2024
2024-08-18T19:00:00Z,BSA,AC Goianiense,SC Internacional,1,0,FINISHED,2024
2024-08-18T19:00:00Z,BSA,Criciúma EC,CR Vasco da Gama,2,2,FINISHED,2024
2024-08-18T19:00:00Z,BSA,SE Palmeiras,São Paulo FC,2,1,FINISHED,2024
2024-08-18T21:30:00Z,BSA,CA Paranaense,EC Juventude,1,2,FINISHED,2024
2024-08-18T21:30:00Z,BSA,Botafogo FR,CR Flamengo,4,1,FINISHED,2024
2024-08-19T23:00:00Z,BSA,EC Vitória,Cruzeiro EC,2,2,FINISHED,2024
2024-08-24T19:00:00Z,BSA,AC Goianiense,EC Juventude,2,1,FINISHED,2024
2024-08-24T21:30:00Z,BSA,SE Palmeiras,Cuiabá EC,5,0,FINISHED,2024
2024-08-25T00:00:00Z,BSA,CA Mineiro,Fluminense FC,0,2,FINISHED,2024
2024-08-25T19:00:00Z,BSA,EC Bahia,Botafogo FR,0,0,FINISHED,2024
2024-08-25T19:00:00Z,BSA,Criciúma EC,Grêmio FBPA,0,1,FINISHED,2024
2024-08-25T19:00:00Z,BSA,Fortaleza EC,SC Corinthians Paulista,1,0,FINISHED,2024
2024-08-25T21:30:00Z,BSA,São Paulo FC,EC Vitória,2,1,FINISHED,2024
2024-08-25T22:00:00Z,BSA,SC Internacional,Cruzeiro EC,1,0,FINISHED,2024
2024-08-25T23:00:00Z,BSA,CR Flamengo,RB Bragantino,2,1,FINISHED,2024
2024-08-27T00:00:00Z,BSA,CR Vasco da Gama,CA Paranaense,2,1,FINISHED,2024
2024-08-28T22:30:00Z,BSA,Criciúma EC,RB Bragantino,1,0,FINISHED,2024
2024-08-28T22:30:00Z,BSA,Cruzeiro EC,SC Internacional,0,0,FINISHED,2024
2024-08-31T21:30:00Z,BSA,Cuiabá EC,Criciúma EC,2,1,FINISHED,2024
2024-09-01T00:00:00Z,BSA,Botafogo FR,Fortaleza EC,2,0,FINISHED,2024
2024-09-01T14:00:00Z,BSA,Cruzeiro EC,AC Goianiense,3,1,FINISHED,2024
2024-09-01T14:00:00Z,BSA,Grêmio FBPA,CA Mineiro,2,3,FINISHED,2024
2024-09-01T19:00:00Z,BSA,SC Corinthians Paulista,CR Flamengo,2,1,FINISHED,2024
2024-09-01T21:30:00Z,BSA,CA Paranaense,SE Palmeiras,0,2,FINISHED,2024
2024-09-01T21:30:00Z,BSA,RB Bragantino,EC Bahia,2,1,FINISHED,2024
2024-09-01T21:30:00Z,BSA,Fluminense FC,São Paulo FC,2,0,FINISHED,2024
2024-09-01T21:30:00Z,BSA,EC Juventude,SC Internacional,1,3,FINISHED,2024
2024-09-01T21:30:00Z,BSA,EC Vitória,CR Vasco da Gama,0,1,FINISHED,2024
2024-09-05T23:00:00Z,BSA,Cuiabá EC,EC Juventude,0,0,FINISHED,2024
2024-09-11T22:30:00Z,BSA,SC Internacional,Fortaleza EC,2,1,FINISHED,2024
2024-09-14T19:00:00Z,BSA,AC Goianiense,EC Vitória,0,2,FINISHED,2024
2024-09-14T21:30:00Z,BSA,CA Paranaense,Fortaleza EC,1,1,FINISHED,2024
2024-09-15T00:00:00Z,BSA,Botafogo FR,SC Corinthians Paulista,2,1,FINISHED,2024
2024-09-15T19:00:00Z,BSA,RB Bragantino,Grêmio FBPA,2,2,FINISHED,2024
2024-09-15T19:00:00Z,BSA,EC Juventude,Fluminense FC,2,1,FINISHED,2024
2024-09-15T19:00:00Z,BSA,SE Palmeiras,Criciúma EC,5,0,FINISHED,2024
2024-09-15T21:30:00Z,BSA,EC Bahia,CA Mineiro,3,0,FINISHED,2024
2024-09-15T21:30:00Z,BSA,Cruzeiro EC,São Paulo FC,0,1,FINISHED,2024
2024-09-15T21:30:00Z,BSA,CR Flamengo,CR Vasco da Gama,1,1,FINISHED,2024
2024-09-16T23:00:00Z,BSA,SC Internacional,Cuiabá EC,3,0,FINISHED,2024
2024-09-21T19:00:00Z,BSA,SC Corinthians Paulista,AC Goianiense,3,0,FINISHED,2024
2024-09-21T19:00:00Z,BSA,EC Vitória,EC Juventude,1,0,FINISHED,2024
2024-09-21T21:30:00Z,BSA,Fluminense FC,Botafogo FR,0,1,FINISHED,2024
2024-09-22T00:00:00Z,BSA,Fortaleza EC,EC Bahia,4,1,FINISHED,2024
2024-09-22T19:00:00Z,BSA,CA Mineiro,RB Bragantino,3,0,FINISHED,2024
2024-09-22T19:00:00Z,BSA,CR Vasco da Gama,SE Palmeiras,0,1,FINISHED,2024
2024-09-22T21:30:00Z,BSA,Cuiabá EC,Cruzeiro EC,0,0,FINISHED,2024
2024-09-22T21:30:00Z,BSA,Grêmio FBPA,CR Flamengo,3,2,FINISHED,2024
2024-09-22T21:30:00Z,BSA,São Paulo FC,SC Internacional,1,3,FINISHED,2024
2024-09-22T23:00:00Z,BSA,Criciúma EC,CA Paranaense,0,0,FINISHED,2024
2024-09-25T22:00:00Z,BSA,RB Bragantino,SC Internacional,2,2,FINISHED,2024
2024-09-25T22:00:00Z,BSA,Grêmio FBPA,Criciúma EC,1,2,FINISHED,2024
2024-09-28T21:30:00Z,BSA,SE Palmeiras,CA Mineiro,2,1,FINISHED,2024
2024-09-29T00:00:00Z,BSA,Botafogo FR,Grêmio FBPA,0,0,FINISHED,2024
2024-09-29T14:00:00Z,BSA,EC Juventude,RB Bragantino,1,1,FINISHED,2024
2024-09-29T19:00:00Z,BSA,AC Goianiense,Fluminense FC,1,0,FINISHED,2024
2024-09-29T19:00:00Z,BSA,Fortaleza EC,Cuiabá EC,1,0,FINISHED,2024
2024-09-29T19:00:00Z,BSA,São Paulo FC,SC Corinthians Paulista,3,1,FINISHED,2024
2024-09-29T21:30:00Z,BSA,EC Bahia,Criciúma EC,1,0,FINISHED,2024
2024-09-29T21:30:00Z,BSA,Cruzeiro EC,CR Vasco da Gama,1,1,FINISHED,2024
2024-09-29T21:30:00Z,BSA,SC Internacional,EC Vitória,3,1,FINISHED,2024
2024-09-29T23:00:00Z,BSA,CR Flamengo,CA Paranaense,1,0,FINISHED,2024
2024-10-03T22:00:00Z,BSA,Criciúma EC,AC Goianiense,2,0,FINISHED,2024
2024-10-04T00:30:00Z,BSA,Fluminense FC,Cruzeiro EC,1,0,FINISHED,2024
2024-10-05T00:30:00Z,BSA,Grêmio FBPA,Fortaleza EC,3,1,FINISHED,2024
2024-10-05T19:30:00Z,BSA,CA Paranaense,Botafogo FR,0,1,FINISHED,2024
2024-10-05T19:30:00Z,BSA,CA Mineiro,EC Vitória,2,2,FINISHED,2024
2024-10-05T19:30:00Z,BSA,RB Bragantino,SE Palmeiras,0,0,FINISHED,2024
2024-10-05T22:00:00Z,BSA,EC Bahia,CR Flamengo,0,2,FINISHED,2024
2024-10-05T22:00:00Z,BSA,SC Corinthians Paulista,SC Internacional,2,2,FINISHED,2024
2024-10-05T22:00:00Z,BSA,Cuiabá EC,São Paulo FC,2,0,FINISHED,2024
2024-10-06T00:00:00Z,BSA,CR Vasco da Gama,EC Juventude,1,1,FINISHED,2024
2024-10-09T22:30:00Z,BSA,CA Mineiro,Grêmio FBPA,2,1,FINISHED,2024
2024-10-17T00:45:00Z,BSA,Fortaleza EC,CA Mineiro,1,1,FINISHED,2024
2024-10-17T00:45:00Z,BSA,São Paulo FC,CR Vasco da Gama,3,0,FINISHED,2024
2024-10-17T23:00:00Z,BSA,SC Corinthians Paulista,CA Paranaense,5,2,FINISHED,2024
2024-10-17T23:00:00Z,BSA,CR Flamengo,Fluminense FC,0,2,FINISHED,2024
2024-10-18T22:00:00Z,BSA,AC Goianiense,Cuiabá EC,0,0,FINISHED,2024
2024-10-18T23:00:00Z,BSA,Botafogo FR,Criciúma EC,1,1,FINISHED,2024
2024-10-19T00:30:00Z,BSA,Cruzeiro EC,EC Bahia,1,1,FINISHED,2024
2024-10-19T19:00:00Z,BSA,SC Internacional,Grêmio FBPA,1,0,FINISHED,2024
2024-10-19T19:00:00Z,BSA,EC Vitória,RB Bragantino,1,0,FINISHED,2024
2024-10-20T23:00:00Z,BSA,EC Juventude,SE Palmeiras,3,5,FINISHED,2024
2024-10-22T22:30:00Z,BSA,Fluminense FC,CA Paranaense,1,0,FINISHED,2024
2024-10-24T22:00:00Z,BSA,CR Vasco da Gama,Cuiabá EC,1,0,FINISHED,2024
2024-10-26T19:30:00Z,BSA,CR Flamengo,EC Juventude,4,2,FINISHED,2024
2024-10-26T19:30:00Z,BSA,Grêmio FBPA,AC Goianiense,3,1,FINISHED,2024
2024-10-26T19:30:00Z,BSA,SE Palmeiras,Fortaleza EC,2,2,FINISHED,2024
2024-10-26T19:30:00Z,BSA,EC Vitória,Fluminense FC,2,1,FINISHED,2024
2024-10-26T21:30:00Z,BSA,CA Paranaense,Cruzeiro EC,3,0,FINISHED,2024
2024-10-26T22:00:00Z,BSA,CA Mineiro,SC Internacional,1,3,FINISHED,2024
2024-10-26T22:00:00Z,BSA,RB Bragantino,Botafogo FR,0,1,FINISHED,2024
2024-10-27T01:00:00Z,BSA,Criciúma EC,São Paulo FC,1,1,FINISHED,2024
2024-10-28T22:00:00Z,BSA,Cuiabá EC,SC Corinthians Paulista,0,1,FINISHED,2024
2024-10-29T00:00:00Z,BSA,CR Vasco da Gama,EC Bahia,3,2,FINISHED,2024
2024-10-30T22:00:00Z,BSA,SC Internacional,CR Flamengo,1,1,FINISHED,2024
2024-11-02T00:00:00Z,BSA,Fluminense FC,Grêmio FBPA,2,2,FINISHED,2024
2024-11-02T19:00:00Z,BSA,RB Bragantino,Cuiabá EC,0,0,FINISHED,2024
2024-11-02T21:30:00Z,BSA,CA Paranaense,EC Vitória,1,2,FINISHED,2024
2024-11-02T21:30:00Z,BSA,EC Juventude,Fortaleza EC,0,3,FINISHED,2024
2024-11-04T23:00:00Z,BSA,SC Corinthians Paulista,SE Palmeiras,2,0,FINISHED,2024
2024-11-06T00:30:00Z,BSA,EC Bahia,São Paulo FC,0,3,FINISHED,2024
2024-11-06T00:30:00Z,BSA,Botafogo FR,CR Vasco da Gama,3,0,FINISHED,2024
2024-11-06T00:30:00Z,BSA,SC Internacional,Criciúma EC,2,0,FINISHED,2024
2024-11-07T00:00:00Z,BSA,AC Goianiense,CA Mineiro,1,0,FINISHED,2024
2024-11-07T00:00:00Z,BSA,Cruzeiro EC,CR Flamengo,0,1,FINISHED,2024
2024-11-08T22:00:00Z,BSA,SC Internacional,Fluminense FC,2,0,FINISHED,2024
2024-11-09T00:30:00Z,BSA,SE Palmeiras,Grêmio FBPA,1,0,FINISHED,2024
2024-11-09T19:30:00Z,BSA,EC Vitória,SC Corinthians Paulista,1,2,FINISHED,2024
2024-11-09T19:30:00Z,BSA,Botafogo FR,Cuiabá EC,0,0,FINISHED,2024
2024-11-09T22:00:00Z,BSA,AC Goianiense,RB Bragantino,0,0,FINISHED,2024
2024-11-09T22:00:00Z,BSA,Cruzeiro EC,Criciúma EC,2,1,FINISHED,2024
2024-11-09T22:00:00Z,BSA,Fortaleza EC,CR Vasco da Gama,3,0,FINISHED,2024
2024-11-09T22:00:00Z,BSA,EC Juventude,EC Bahia,2,1,FINISHED,2024
2024-11-10T00:00:00Z,BSA,São Paulo FC,CA Paranaense,2,1,FINISHED,2024
2024-11-13T23:00:00Z,BSA,CR Flamengo,CA Mineiro,0,0,FINISHED,2024
2024-11-16T21:30:00Z,BSA,CA Paranaense,CA Mineiro,1,0,FINISHED,2024
2024-11-20T14:00:00Z,BSA,SC Corinthians Paulista,Cruzeiro EC,2,1,FINISHED,2024
2024-11-20T19:30:00Z,BSA,CA Paranaense,AC Goianiense,2,0,FINISHED,2024
2024-11-20T19:30:00Z,BSA,RB Bragantino,São Paulo FC,1,1,FINISHED,2024
2024-11-20T19:30:00Z,BSA,Criciúma EC,EC Vitória,0,1,FINISHED,2024
2024-11-20T21:00:00Z,BSA,EC Bahia,SE Palmeiras,1,2,FINISHED,2024
2024-11-20T22:00:00Z,BSA,Cuiabá EC,CR Flamengo,1,2,FINISHED,2024
2024-11-20T22:00:00Z,BSA,Grêmio FBPA,EC Juventude,2,2,FINISHED,2024
2024-11-21T00:30:00Z,BSA,CA Mineiro,Botafogo FR,0,0,FINISHED,2024
2024-11-21T23:00:00Z,BSA,CR Vasco da Gama,SC Internacional,0,1,FINISHED,2024
2024-11-23T00:30:00Z,BSA,Fluminense FC,Fortaleza EC,2,2,FINISHED,2024
2024-11-23T22:30:00Z,BSA,AC Goianiense,SE Palmeiras,0,1,FINISHED,2024
2024-11-23T22:30:00Z,BSA,Botafogo FR,EC Vitória,1,1,FINISHED,2024
2024-11-23T22:30:00Z,BSA,EC Juventude,Cuiabá EC,1,1,FINISHED,2024
2024-11-24T00:30:00Z,BSA,São Paulo FC,CA Mineiro,2,2,FINISHED,2024
2024-11-24T19:00:00Z,BSA,EC Bahia,CA Paranaense,1,1,FINISHED,2024
2024-11-24T19:00:00Z,BSA,SC Corinthians Paulista,CR Vasco da Gama,3,1,FINISHED,2024
2024-11-24T19:00:00Z,BSA,SC Internacional,RB Bragantino,4,1,FINISHED,2024
2024-11-26T22:00:00Z,BSA,Fluminense FC,Criciúma EC,0,0,FINISHED,2024
2024-11-26T23:00:00Z,BSA,Fortaleza EC,CR Flamengo,0,0,FINISHED,2024
2024-11-27T00:30:00Z,BSA,CA Mineiro,EC Juventude,2,3,FINISHED,2024
2024-11-27T00:30:00Z,BSA,SE Palmeiras,Botafogo FR,1,3,FINISHED,2024
2024-11-28T00:00:00Z,BSA,Cruzeiro EC,Grêmio FBPA,1,1,FINISHED,2024
2024-11-30T22:30:00Z,BSA,Criciúma EC,SC Corinthians Paulista,2,4,FINISHED,2024
2024-11-30T22:30:00Z,BSA,Cuiabá EC,EC Bahia,1,2,FINISHED,2024
2024-12-01T00:30:00Z,BSA,CR Vasco da Gama,AC Goianiense,2,2,FINISHED,2024
2024-12-01T19:00:00Z,BSA,CR Flamengo,SC Internacional,3,2,FINISHED,2024
2024-12-01T19:00:00Z,BSA,Grêmio FBPA,São Paulo FC,2,1,FINISHED,2024
2024-12-01T21:30:00Z,BSA,CA Paranaense,Fluminense FC,1,1,FINISHED,2024
2024-12-01T21:30:00Z,BSA,RB Bragantino,Cruzeiro EC,1,1,FINISHED,2024
2024-12-01T21:30:00Z,BSA,EC Vitória,Fortaleza EC,2,0,FINISHED,2024
2024-12-03T23:00:00Z,BSA,SC Corinthians Paulista,EC Bahia,3,0,FINISHED,2024
2024-12-04T22:00:00Z,BSA,CR Vasco da Gama,CA Mineiro,2,0,FINISHED,2024
2024-12-04T23:00:00Z,BSA,Criciúma EC,CR Flamengo,0,3,FINISHED,2024
2024-12-04T23:00:00Z,BSA,São Paulo FC,EC Juventude,1,2,FINISHED,2024
2024-12-04T23:00:00Z,BSA,EC Vitória,Grêmio FBPA,1,1,FINISHED,2024
2024-12-05T00:30:00Z,BSA,AC Goianiense,Fortaleza EC,3,1,FINISHED,2024
2024-12-05T00:30:00Z,BSA,Cruzeiro EC,SE Palmeiras,1,2,FINISHED,2024
2024-12-05T00:30:00Z,BSA,SC Internacional,Botafogo FR,0,1,FINISHED,2024
2024-12-05T23:00:00Z,BSA,CA Paranaense,RB Bragantino,1,2,FINISHED,2024
2024-12-05T23:00:00Z,BSA,Fluminense FC,Cuiabá EC,1,0,FINISHED,2024
2024-12-08T19:00:00Z,BSA,CA Mineiro,CA Paranaense,1,0,FINISHED,2024
2024-12-08T19:00:00Z,BSA,EC Bahia,AC Goianiense,2,0,FINISHED,2024
2024-12-08T19:00:00Z,BSA,Botafogo FR,São Paulo FC,2,1,FINISHED,2024
2024-12-08T19:00:00Z,BSA,RB Bragantino,Criciúma EC,5,1,FINISHED,2024
2024-12-08T19:00:00Z,BSA,Cuiabá EC,CR Vasco da Gama,1,2,FINISHED,2024
2024-12-08T19:00:00Z,BSA,CR Flamengo,EC Vitória,2,2,FINISHED,2024
2024-12-08T19:00:00Z,BSA,Fortaleza EC,SC Internacional,3,0,FINISHED,2024
2024-12-08T19:00:00Z,BSA,Grêmio FBPA,SC Corinthians Paulista,0,3,FINISHED,2024
2024-12-08T19:00:00Z,BSA,EC Juventude,Cruzeiro EC,0,1,FINISHED,2024
2024-12-08T19:00:00Z,BSA,SE Palmeiras,Fluminense FC,0,1,FINISHED,2024
2023-04-15T19:00:00Z,BSA,SE Palmeiras,Cuiabá EC,2,1,FINISHED,2023
2023-04-15T19:00:00Z,BSA,América FC,Fluminense FC,0,3,FINISHED,2023
2023-04-15T21:30:00Z,BSA,Fortaleza EC,SC Internacional,1,1,FINISHED,2023
2023-04-15T21:30:00Z,BSA,CA Paranaense,Goiás EC,2,0,FINISHED,2023
2023-04-15T21:30:00Z,BSA,RB Bragantino,EC Bahia,2,1,FINISHED,2023
2023-04-15T21:30:00Z,BSA,Botafogo FR,São Paulo FC,2,1,FINISHED,2023
2023-04-16T00:00:00Z,BSA,CA Mineiro,CR Vasco da Gama,1,2,FINISHED,2023
2023-04-16T19:00:00Z,BSA,SC Corinthians Paulista,Cruzeiro EC,2,1,FINISHED,2023
2023-04-16T19:00:00Z,BSA,CR Flamengo,Coritiba FBC,3,0,FINISHED,2023
2023-04-16T21:30:00Z,BSA,Grêmio FBPA,Santos FC,1,0,FINISHED,2023
2023-04-22T19:00:00Z,BSA,Fluminense FC,CA Paranaense,2,0,FINISHED,2023
2023-04-22T21:30:00Z,BSA,Cuiabá EC,RB Bragantino,1,1,FINISHED,2023
2023-04-22T21:30:00Z,BSA,São Paulo FC,América FC,3,0,FINISHED,2023
2023-04-23T00:00:00Z,BSA,Cruzeiro EC,Grêmio FBPA,1,0,FINISHED,2023
2023-04-23T14:00:00Z,BSA,SC Internacional,CR Flamengo,2,1,FINISHED,2023
2023-04-23T19:00:00Z,BSA,Santos FC,CA Mineiro,0,0,FINISHED,2023
2023-04-23T19:00:00Z,BSA,CR Vasco da Gama,SE Palmeiras,2,2,FINISHED,2023
2023-04-23T21:30:00Z,BSA,Coritiba FBC,Fortaleza EC,0,3,FINISHED,2023
2023-04-23T22:00:00Z,BSA,Goiás EC,SC Corinthians Paulista,3,1,FINISHED,2023
2023-04-24T23:00:00Z,BSA,EC Bahia,Botafogo FR,1,2,FINISHED,2023
2023-04-29T19:30:00Z,BSA,Coritiba FBC,São Paulo FC,1,1,FINISHED,2023
2023-04-29T19:30:00Z,BSA,Fortaleza EC,Fluminense FC,4,2,FINISHED,2023
2023-04-29T21:30:00Z,BSA,RB Bragantino,Cruzeiro EC,0,3,FINISHED,2023
2023-04-29T21:30:00Z,BSA,Santos FC,América FC,3,2,FINISHED,2023
2023-04-29T21:30:00Z,BSA,SE Palmeiras,SC Corinthians Paulista,2,1,FINISHED,2023
2023-04-30T00:00:00Z,BSA,CA Mineiro,CA Paranaense,2,1,FINISHED,2023
2023-04-30T19:00:00Z,BSA,CR Flamengo,Botafogo FR,2,3,FINISHED,2023
2023-04-30T21:30:00Z,BSA,SC Internacional,Goiás EC,1,0,FINISHED,2023
2023-04-30T21:30:00Z,BSA,Cuiabá EC,Grêmio FBPA,1,2,FINISHED,2023
2023-05-01T23:00:00Z,BSA,CR Vasco da Gama,EC Bahia,0,1,FINISHED,2023
2023-05-06T19:00:00Z,BSA,Cruzeiro EC,Santos FC,2,1,FINISHED,2023
2023-05-07T00:00:00Z,BSA,Fluminense FC,CR Vasco da Gama,1,1,FINISHED,2023
2023-05-07T14:00:00Z,BSA,América FC,Cuiabá EC,1,2,FINISHED,2023
2023-05-07T19:00:00Z,BSA,CA Paranaense,CR Flamengo,2,1,FINISHED,2023
2023-05-07T19:00:00Z,BSA,EC Bahia,Coritiba FBC,3,1,FINISHED,2023
2023-05-07T19:00:00Z,BSA,São Paulo FC,SC Internacional,2,0,FINISHED,2023
2023-05-07T21:30:00Z,BSA,Grêmio FBPA,RB Bragantino,3,3,FINISHED,2023
2023-05-07T21:30:00Z,BSA,Goiás EC,SE Palmeiras,0,5,FINISHED,2023
2023-05-07T21:30:00Z,BSA,Botafogo FR,CA Mineiro,2,0,FINISHED,2023
2023-05-08T23:00:00Z,BSA,SC Corinthians Paulista,Fortaleza EC,1,1,FINISHED,2023
2023-05-10T22:00:00Z,BSA,Santos FC,EC Bahia,3,0,FINISHED,2023
2023-05-10T22:00:00Z,BSA,RB Bragantino,América FC,2,2,FINISHED,2023
2023-05-10T22:00:00Z,BSA,SC Internacional,CA Paranaense,0,2,FINISHED,2023
2023-05-10T23:00:00Z,BSA,CR Flamengo,Goiás EC,2,0,FINISHED,2023
2023-05-10T23:00:00Z,BSA,Cuiabá EC,CA Mineiro,0,4,FINISHED,2023
2023-05-11T00:30:00Z,BSA,SE Palmeiras,Grêmio FBPA,4,1,FINISHED,2023
2023-05-11T00:30:00Z,BSA,Cruzeiro EC,Fluminense FC,0,2,FINISHED,2023
2023-05-11T22:00:00Z,BSA,Coritiba FBC,CR Vasco da Gama,1,1,FINISHED,2023
2023-05-11T22:30:00Z,BSA,Botafogo FR,SC Corinthians Paulista,3,0,FINISHED,2023
2023-05-11T23:00:00Z,BSA,Fortaleza EC,São Paulo FC,0,0,FINISHED,2023
2023-05-13T19:00:00Z,BSA,EC Bahia,CR Flamengo,2,3,FINISHED,2023
2023-05-13T21:30:00Z,BSA,Fluminense FC,Cuiabá EC,2,0,FINISHED,2023
2023-05-13T21:30:00Z,BSA,SE Palmeiras,RB Bragantino,1,1,FINISHED,2023
2023-05-14T00:00:00Z,BSA,CA Mineiro,SC Internacional,2,0,FINISHED,2023
2023-05-14T19:00:00Z,BSA,Grêmio FBPA,Fortaleza EC,0,0,FINISHED,2023
2023-05-14T19:00:00Z,BSA,CR Vasco da Gama,Santos FC,0,1,FINISHED,2023
2023-05-14T19:00:00Z,BSA,SC Corinthians Paulista,São Paulo FC,1,1,FINISHED,2023
2023-05-14T21:30:00Z,BSA,América FC,Cruzeiro EC,0,4,FINISHED,2023
2023-05-14T21:30:00Z,BSA,CA Paranaense,Coritiba FBC,3,2,FINISHED,2023
2023-05-14T21:30:00Z,BSA,Goiás EC,Botafogo FR,2,1,FINISHED,2023
2023-05-20T19:00:00Z,BSA,EC Bahia,Goiás EC,1,1,FINISHED,2023
2023-05-20T21:30:00Z,BSA,RB Bragantino,CA Paranaense,2,0,FINISHED,2023
2023-05-20T21:30:00Z,BSA,América FC,Fortaleza EC,2,1,FINISHED,2023
2023-05-20T21:30:00Z,BSA,Coritiba FBC,CA Mineiro,1,2,FINISHED,2023
2023-05-20T21:30:00Z,BSA,Botafogo FR,Fluminense FC,1,0,FINISHED,2023
2023-05-20T21:30:00Z,BSA,São Paulo FC,CR Vasco da Gama,4,2,FINISHED,2023
2023-05-21T00:00:00Z,BSA,Santos FC,SE Palmeiras,0,0,FINISHED,2023
2023-05-21T19:00:00Z,BSA,CR Flamengo,SC Corinthians Paulista,1,0,FINISHED,2023
2023-05-21T21:30:00Z,BSA,Grêmio FBPA,SC Internacional,3,1,FINISHED,2023
2023-05-22T23:00:00Z,BSA,Cruzeiro EC,Cuiabá EC,0,1,FINISHED,2023
2023-05-27T19:00:00Z,BSA,Fortaleza EC,CR Vasco da Gama,2,0,FINISHED,2023
2023-05-27T19:00:00Z,BSA,CA Paranaense,Grêmio FBPA,1,2,FINISHED,2023
2023-05-27T21:30:00Z,BSA,Cuiabá EC,Coritiba FBC,1,1,FINISHED,2023
2023-05-27T21:30:00Z,BSA,CR Flamengo,Cruzeiro EC,1,1,FINISHED,2023
2023-05-28T00:00:00Z,BSA,São Paulo FC,Goiás EC,2,1,FINISHED,2023
2023-05-28T19:00:00Z,BSA,SC Internacional,EC Bahia,2,0,FINISHED,2023
2023-05-28T19:00:00Z,BSA,SC Corinthians Paulista,Fluminense FC,2,0,FINISHED,2023
2023-05-28T21:30:00Z,BSA,CA Mineiro,SE Palmeiras,1,1,FINISHED,2023
2023-05-28T21:30:00Z,BSA,RB Bragantino,Santos FC,2,0,FINISHED,2023
2023-05-28T22:00:00Z,BSA,Botafogo FR,América FC,2,0,FINISHED,2023
2023-06-03T19:00:00Z,BSA,Fortaleza EC,EC Bahia,0,0,FINISHED,2023
2023-06-03T21:30:00Z,BSA,Cruzeiro EC,CA Mineiro,0,1,FINISHED,2023
2023-06-03T21:30:00Z,BSA,América FC,SC Corinthians Paulista,2,0,FINISHED,2023
2023-06-03T21:30:00Z,BSA,CA Paranaense,Botafogo FR,1,0,FINISHED,2023
2023-06-04T00:00:00Z,BSA,Santos FC,SC Internacional,1,1,FINISHED,2023
2023-06-04T19:00:00Z,BSA,Fluminense FC,RB Bragantino,2,1,FINISHED,2023
2023-06-04T19:00:00Z,BSA,Grêmio FBPA,São Paulo FC,2,1,FINISHED,2023
2023-06-04T21:30:00Z,BSA,SE Palmeiras,Coritiba FBC,3,1,FINISHED,2023
2023-06-04T21:30:00Z,BSA,Goiás EC,Cuiabá EC,0,1,FINISHED,2023
2023-06-05T23:00:00Z,BSA,CR Vasco da Gama,CR Flamengo,1,4,FINISHED,2023
2023-06-10T19:00:00Z,BSA,Coritiba FBC,Santos FC,0,0,FINISHED,2023
2023-06-10T21:30:00Z,BSA,EC Bahia,Cruzeiro EC,2,2,FINISHED,2023
2023-06-10T21:30:00Z,BSA,CA Mineiro,RB Bragantino,1,1,FINISHED,2023
2023-06-10T21:30:00Z,BSA,SC Corinthians Paulista,Cuiabá EC,1,1,FINISHED,2023
2023-06-11T00:00:00Z,BSA,Botafogo FR,Fortaleza EC,2,0,FINISHED,2023
2023-06-11T14:00:00Z,BSA,América FC,CA Paranaense,2,2,FINISHED,2023
2023-06-11T19:00:00Z,BSA,SC Internacional,CR Vasco da Gama,2,1,FINISHED,2023
2023-06-11T19:00:00Z,BSA,São Paulo FC,SE Palmeiras,0,2,FINISHED,2023
2023-06-11T21:30:00Z,BSA,Goiás EC,Fluminense FC,2,2,FINISHED,2023
2023-06-11T21:30:00Z,BSA,CR Flamengo,Grêmio FBPA,3,0,FINISHED,2023
2023-06-21T22:00:00Z,BSA,Cruzeiro EC,Fortaleza EC,0,1,FINISHED,2023
2023-06-21T22:00:00Z,BSA,São Paulo FC,CA Paranaense,2,1,FINISHED,2023
2023-06-21T23:00:00Z,BSA,Santos FC,SC Corinthians Paulista,0,2,FINISHED,2023
2023-06-22T00:30:00Z,BSA,EC Bahia,SE Palmeiras,1,0,FINISHED,2023
2023-06-22T00:30:00Z,BSA,Fluminense FC,CA Mineiro,1,1,FINISHED,2023
2023-06-22T22:00:00Z,BSA,Grêmio FBPA,América FC,3,1,FINISHED,2023
2023-06-22T23:00:00Z,BSA,Cuiabá EC,Botafogo FR,0,1,FINISHED,2023
2023-06-22T23:00:00Z,BSA,Coritiba FBC,SC Internacional,0,1,FINISHED,2023
2023-06-22T23:00:00Z,BSA,CR Vasco da Gama,Goiás EC,0,1,FINISHED,2023
2023-06-23T00:30:00Z,BSA,RB Bragantino,CR Flamengo,4,0,FINISHED,2023
2023-06-24T19:00:00Z,BSA,CA Paranaense,SC Corinthians Paulista,1,0,FINISHED,2023
2023-06-24T21:30:00Z,BSA,Fortaleza EC,CA Mineiro,2,1,FINISHED,2023
2023-06-24T21:30:00Z,BSA,Fluminense FC,EC Bahia,2,1,FINISHED,2023
2023-06-25T00:00:00Z,BSA,Cruzeiro EC,São Paulo FC,1,0,FINISHED,2023
2023-06-25T19:00:00Z,BSA,Grêmio FBPA,Coritiba FBC,5,1,FINISHED,2023
2023-06-25T19:00:00Z,BSA,SE Palmeiras,Botafogo FR,0,1,FINISHED,2023
2023-06-25T21:30:00Z,BSA,América FC,SC Internacional,1,2,FINISHED,2023
2023-06-25T21:30:00Z,BSA,RB Bragantino,Goiás EC,2,0,FINISHED,2023
2023-06-25T21:30:00Z,BSA,Santos FC,CR Flamengo,2,3,FINISHED,2023
2023-06-27T00:00:00Z,BSA,CR Vasco da Gama,Cuiabá EC,1,0,FINISHED,2023
2023-07-01T19:00:00Z,BSA,São Paulo FC,Fluminense FC,1,0,FINISHED,2023
2023-07-01T21:30:00Z,BSA,CR Flamengo,Fortaleza EC,2,0,FINISHED,2023
2023-07-01T21:30:00Z,BSA,EC Bahia,Grêmio FBPA,1,2,FINISHED,2023
2023-07-02T00:00:00Z,BSA,SC Internacional,Cruzeiro EC,0,0,FINISHED,2023
2023-07-02T14:00:00Z,BSA,SC Corinthians Paulista,RB Bragantino,0,1,FINISHED,2023
2023-07-02T19:00:00Z,BSA,Botafogo FR,CR Vasco da Gama,2,0,FINISHED,2023
2023-07-02T19:00:00Z,BSA,CA Paranaense,SE Palmeiras,2,2,FINISHED,2023
2023-07-02T19:00:00Z,BSA,CA Mineiro,América FC,2,2,FINISHED,2023
2023-07-02T21:30:00Z,BSA,Cuiabá EC,Santos FC,3,0,FINISHED,2023
2023-07-03T23:00:00Z,BSA,Goiás EC,Coritiba FBC,1,2,FINISHED,2023
2023-07-08T19:00:00Z,BSA,Cuiabá EC,EC Bahia,1,1,FINISHED,2023
2023-07-08T19:00:00Z,BSA,CR Vasco da Gama,Cruzeiro EC,0,1,FINISHED,2023
2023-07-08T21:30:00Z,BSA,CA Mineiro,SC Corinthians Paulista,0,1,FINISHED,2023
2023-07-08T21:30:00Z,BSA,Coritiba FBC,América FC,3,1,FINISHED,2023
2023-07-09T00:00:00Z,BSA,SE Palmeiras,CR Flamengo,1,1,FINISHED,2023
2023-07-09T14:00:00Z,BSA,Santos FC,Goiás EC,4,3,FINISHED,2023
2023-07-09T19:00:00Z,BSA,RB Bragantino,São Paulo FC,0,0,FINISHED,2023
2023-07-09T19:00:00Z,BSA,Fluminense FC,SC Internacional,2,0,FINISHED,2023
2023-07-09T21:30:00Z,BSA,Grêmio FBPA,Botafogo FR,0,2,FINISHED,2023
2023-07-09T21:30:00Z,BSA,Fortaleza EC,CA Paranaense,1,0,FINISHED,2023
2023-07-16T00:00:00Z,BSA,Botafogo FR,RB Bragantino,2,0,FINISHED,2023
2023-07-16T14:00:00Z,BSA,Cruzeiro EC,Coritiba FBC,0,0,FINISHED,2023
2023-07-16T19:00:00Z,BSA,Fortaleza EC,Cuiabá EC,0,1,FINISHED,2023
2023-07-16T19:00:00Z,BSA,São Paulo FC,Santos FC,4,1,FINISHED,2023
2023-07-16T19:00:00Z,BSA,Fluminense FC,CR Flamengo,0,0,FINISHED,2023
2023-07-16T21:30:00Z,BSA,CA Paranaense,EC Bahia,2,0,FINISHED,2023
2023-07-16T21:30:00Z,BSA,SC Internacional,SE Palmeiras,0,0,FINISHED,2023
2023-07-17T23:00:00Z,BSA,Goiás EC,CA Mineiro,0,0,FINISHED,2023
2023-07-22T19:00:00Z,BSA,SE Palmeiras,Fortaleza EC,3,1,FINISHED,2023
2023-07-22T19:00:00Z,BSA,CR Flamengo,América FC,1,1,FINISHED,2023
2023-07-22T21:30:00Z,BSA,EC Bahia,SC Corinthians Paulista,0,0,FINISHED,2023
2023-07-22T21:30:00Z,BSA,Cuiabá EC,São Paulo FC,2,1,FINISHED,2023
2023-07-23T00:00:00Z,BSA,Grêmio FBPA,CA Mineiro,1,0,FINISHED,2023
2023-07-23T19:00:00Z,BSA,Cruzeiro EC,Goiás EC,0,1,FINISHED,2023
2023-07-23T19:00:00Z,BSA,Santos FC,Botafogo FR,2,2,FINISHED,2023
2023-07-23T19:00:00Z,BSA,RB Bragantino,SC Internacional,0,0,FINISHED,2023
2023-07-23T21:30:00Z,BSA,CR Vasco da Gama,CA Paranaense,0,2,FINISHED,2023
2023-07-24T22:00:00Z,BSA,Coritiba FBC,Fluminense FC,2,0,FINISHED,2023
2023-07-29T19:00:00Z,BSA,CA Paranaense,Cruzeiro EC,3,3,FINISHED,2023
2023-07-29T19:00:00Z,BSA,SC Internacional,Cuiabá EC,1,2,FINISHED,2023
2023-07-29T19:00:00Z,BSA,Fluminense FC,Santos FC,1,0,FINISHED,2023
2023-07-29T21:30:00Z,BSA,Fortaleza EC,RB Bragantino,0,3,FINISHED,2023
2023-07-29T21:30:00Z,BSA,SC Corinthians Paulista,CR Vasco da Gama,3,1,FINISHED,2023
2023-07-30T00:00:00Z,BSA,CA Mineiro,CR Flamengo,1,2,FINISHED,2023
2023-07-30T14:00:00Z,BSA,São Paulo FC,EC Bahia,0,0,FINISHED,2023
2023-07-30T19:00:00Z,BSA,América FC,SE Palmeiras,1,4,FINISHED,2023
2023-07-30T19:00:00Z,BSA,Botafogo FR,Coritiba FBC,4,1,FINISHED,2023
2023-07-30T21:30:00Z,BSA,Goiás EC,Grêmio FBPA,1,1,FINISHED,2023
2023-08-05T19:00:00Z,BSA,Santos FC,CA Paranaense,1,1,FINISHED,2023
2023-08-05T21:30:00Z,BSA,SC Internacional,SC Corinthians Paulista,2,2,FINISHED,2023
2023-08-05T21:30:00Z,BSA,Goiás EC,Fortaleza EC,1,0,FINISHED,2023
2023-08-06T00:00:00Z,BSA,Fluminense FC,SE Palmeiras,2,1,FINISHED,2023
2023-08-06T19:00:00Z,BSA,São Paulo FC,CA Mineiro,0,2,FINISHED,2023
2023-08-06T19:00:00Z,BSA,CR Vasco da Gama,Grêmio FBPA,1,0,FINISHED,2023
2023-08-06T21:30:00Z,BSA,EC Bahia,América FC,3,1,FINISHED,2023
2023-08-06T21:30:00Z,BSA,Coritiba FBC,RB Bragantino,0,1,FINISHED,2023
2023-08-06T21:30:00Z,BSA,Cruzeiro EC,Botafogo FR,0,0,FINISHED,2023
2023-08-06T23:00:00Z,BSA,Cuiabá EC,CR Flamengo,3,0,FINISHED,2023
2023-08-13T00:00:00Z,BSA,Botafogo FR,SC Internacional,3,1,FINISHED,2023
2023-08-13T14:00:00Z,BSA,CA Mineiro,EC Bahia,1,0,FINISHED,2023
2023-08-13T19:00:00Z,BSA,SC Corinthians Paulista,Coritiba FBC,3,1,FINISHED,2023
2023-08-13T19:00:00Z,BSA,Grêmio FBPA,Fluminense FC,2,1,FINISHED,2023
2023-08-13T19:00:00Z,BSA,América FC,Goiás EC,0,1,FINISHED,2023
2023-08-13T21:30:00Z,BSA,CR Flamengo,São Paulo FC,1,1,FINISHED,2023
2023-08-13T21:30:00Z,BSA,Fortaleza EC,Santos FC,4,0,FINISHED,2023
2023-08-14T22:00:00Z,BSA,SE Palmeiras,Cruzeiro EC,1,0,FINISHED,2023
2023-08-15T00:00:00Z,BSA,RB Bragantino,CR Vasco da Gama,1,1,FINISHED,2023
2023-08-15T23:00:00Z,BSA,CA Paranaense,Cuiabá EC,2,0,FINISHED,2023
2023-08-19T19:00:00Z,BSA,SC Internacional,Fortaleza EC,0,1,FINISHED,2023
2023-08-19T19:00:00Z,BSA,São Paulo FC,Botafogo FR,0,0,FINISHED,2023
2023-08-19T21:30:00Z,BSA,Cuiabá EC,SE Palmeiras,0,2,FINISHED,2023
2023-08-19T21:30:00Z,BSA,Fluminense FC,América FC,3,1,FINISHED,2023
2023-08-20T00:00:00Z,BSA,Cruzeiro EC,SC Corinthians Paulista,1,1,FINISHED,2023
2023-08-20T14:00:00Z,BSA,CR Vasco da Gama,CA Mineiro,1,0,FINISHED,2023
2023-08-20T19:00:00Z,BSA,EC Bahia,RB Bragantino,4,0,FINISHED,2023
2023-08-20T19:00:00Z,BSA,Coritiba FBC,CR Flamengo,2,3,FINISHED,2023
2023-08-20T19:00:00Z,BSA,Santos FC,Grêmio FBPA,2,1,FINISHED,2023
2023-08-21T23:00:00Z,BSA,Goiás EC,CA Paranaense,1,1,FINISHED,2023
2023-08-26T21:30:00Z,BSA,CR Flamengo,SC Internacional,0,0,FINISHED,2023
2023-08-27T00:00:00Z,BSA,SC Corinthians Paulista,Goiás EC,1,1,FINISHED,2023
2023-08-27T14:00:00Z,BSA,RB Bragantino,Cuiabá EC,2,0,FINISHED,2023
2023-08-27T19:00:00Z,BSA,América FC,São Paulo FC,2,1,FINISHED,2023
2023-08-27T19:00:00Z,BSA,CA Mineiro,Santos FC,2,0,FINISHED,2023
2023-08-27T19:00:00Z,BSA,Botafogo FR,EC Bahia,3,0,FINISHED,2023
2023-08-27T21:30:00Z,BSA,Fortaleza EC,Coritiba FBC,3,1,FINISHED,2023
2023-08-27T21:30:00Z,BSA,CA Paranaense,Fluminense FC,2,2,FINISHED,2023
2023-08-27T21:30:00Z,BSA,SE Palmeiras,CR Vasco da Gama,1,0,FINISHED,2023
2023-08-27T22:00:00Z,BSA,Grêmio FBPA,Cruzeiro EC,3,0,FINISHED,2023
2023-09-02T19:00:00Z,BSA,Goiás EC,SC Internacional,0,0,FINISHED,2023
2023-09-02T19:00:00Z,BSA,CA Paranaense,CA Mineiro,1,1,FINISHED,2023
2023-09-03T00:00:00Z,BSA,Botafogo FR,CR Flamengo,1,2,FINISHED,2023
2023-09-03T14:00:00Z,BSA,Grêmio FBPA,Cuiabá EC,2,0,FINISHED,2023
2023-09-03T19:00:00Z,BSA,Fluminense FC,Fortaleza EC,1,0,FINISHED,2023
2023-09-03T19:00:00Z,BSA,SC Corinthians Paulista,SE Palmeiras,0,0,FINISHED,2023
2023-09-03T21:30:00Z,BSA,Cruzeiro EC,RB Bragantino,0,0,FINISHED,2023
2023-09-03T21:30:00Z,BSA,EC Bahia,CR Vasco da Gama,1,1,FINISHED,2023
2023-09-03T21:30:00Z,BSA,América FC,Santos FC,2,0,FINISHED,2023
2023-09-14T00:30:00Z,BSA,SC Internacional,São Paulo FC,2,1,FINISHED,2023
2023-09-14T00:30:00Z,BSA,CR Flamengo,CA Paranaense,0,3,FINISHED,2023
2023-09-14T22:00:00Z,BSA,Fortaleza EC,SC Corinthians Paulista,2,1,FINISHED,2023
2023-09-14T22:00:00Z,BSA,Santos FC,Cruzeiro EC,0,3,FINISHED,2023
2023-09-14T23:00:00Z,BSA,Coritiba FBC,EC Bahia,2,4,FINISHED,2023
2023-09-15T00:30:00Z,BSA,RB Bragantino,Grêmio FBPA,2,0,FINISHED,2023
2023-09-15T23:00:00Z,BSA,Cuiabá EC,América FC,2,2,FINISHED,2023
2023-09-16T00:30:00Z,BSA,SE Palmeiras,Goiás EC,1,0,FINISHED,2023
2023-09-16T19:00:00Z,BSA,CR Vasco da Gama,Fluminense FC,4,2,FINISHED,2023
2023-09-17T00:00:00Z,BSA,CA Mineiro,Botafogo FR,1,0,FINISHED,2023
2023-09-18T23:00:00Z,BSA,EC Bahia,Santos FC,1,2,FINISHED,2023
2023-09-19T00:00:00Z,BSA,SC Corinthians Paulista,Grêmio FBPA,4,4,FINISHED,2023
2023-09-20T00:30:00Z,BSA,América FC,RB Bragantino,0,2,FINISHED,2023
2023-09-20T22:00:00Z,BSA,Goiás EC,CR Flamengo,0,0,FINISHED,2023
2023-09-21T00:30:00Z,BSA,São Paulo FC,Fortaleza EC,1,2,FINISHED,2023
2023-09-21T00:30:00Z,BSA,Fluminense FC,Cruzeiro EC,1,0,FINISHED,2023
2023-09-21T22:00:00Z,BSA,CR Vasco da Gama,Coritiba FBC,5,1,FINISHED,2023
2023-09-21T22:30:00Z,BSA,CA Paranaense,SC Internacional,2,1,FINISHED,2023
2023-09-22T00:30:00Z,BSA,Grêmio FBPA,SE Palmeiras,1,0,FINISHED,2023
2023-09-22T23:00:00Z,BSA,SC Corinthians Paulista,Botafogo FR,1,0,FINISHED,2023
2023-09-24T00:00:00Z,BSA,CA Mineiro,Cuiabá EC,1,0,FINISHED,2023
2023-09-25T23:00:00Z,BSA,América FC,CR Vasco da Gama,0,1,FINISHED,2023
2023-09-27T22:00:00Z,BSA,São Paulo FC,Coritiba FBC,2,1,FINISHED,2023
2023-09-30T19:00:00Z,BSA,Fortaleza EC,Grêmio FBPA,1,1,FINISHED,2023
2023-09-30T19:00:00Z,BSA,CR Flamengo,EC Bahia,1,0,FINISHED,2023
2023-09-30T21:30:00Z,BSA,Cuiabá EC,Fluminense FC,3,0,FINISHED,2023
2023-09-30T21:30:00Z,BSA,São Paulo FC,SC Corinthians Paulista,2,1,FINISHED,2023
2023-10-01T00:00:00Z,BSA,SC Internacional,CA Mineiro,0,2,FINISHED,2023
2023-10-01T19:00:00Z,BSA,Coritiba FBC,CA Paranaense,2,0,FINISHED,2023
2023-10-01T19:00:00Z,BSA,Cruzeiro EC,América FC,1,1,FINISHED,2023
2023-10-01T19:00:00Z,BSA,Santos FC,CR Vasco da Gama,4,1,FINISHED,2023
2023-10-01T21:30:00Z,BSA,RB Bragantino,SE Palmeiras,2,1,FINISHED,2023
2023-10-02T23:00:00Z,BSA,Botafogo FR,Goiás EC,1,1,FINISHED,2023
2023-10-07T19:00:00Z,BSA,Goiás EC,EC Bahia,4,6,FINISHED,2023
2023-10-07T21:30:00Z,BSA,CR Vasco da Gama,São Paulo FC,0,0,FINISHED,2023
2023-10-08T00:00:00Z,BSA,SC Corinthians Paulista,CR Flamengo,1,1,FINISHED,2023
2023-10-08T19:00:00Z,BSA,SE Palmeiras,Santos FC,1,2,FINISHED,2023
2023-10-08T19:00:00Z,BSA,Fluminense FC,Botafogo FR,0,2,FINISHED,2023
2023-10-08T19:00:00Z,BSA,SC Internacional,Grêmio FBPA,3,2,FINISHED,2023
2023-10-08T21:30:00Z,BSA,CA Mineiro,Coritiba FBC,1,2,FINISHED,2023
2023-10-08T21:30:00Z,BSA,Fortaleza EC,América FC,3,2,FINISHED,2023
2023-10-08T21:30:00Z,BSA,CA Paranaense,RB Bragantino,1,1,FINISHED,2023
2023-10-15T00:00:00Z,BSA,Cuiabá EC,Cruzeiro EC,0,0,FINISHED,2023
2023-10-18T22:00:00Z,BSA,Grêmio FBPA,CA Paranaense,1,2,FINISHED,2023
2023-10-18T23:00:00Z,BSA,América FC,Botafogo FR,1,2,FINISHED,2023
2023-10-18T23:00:00Z,BSA,Coritiba FBC,Cuiabá EC,0,3,FINISHED,2023
2023-10-19T00:30:00Z,BSA,EC Bahia,SC Internacional,1,0,FINISHED,2023
2023-10-19T00:30:00Z,BSA,Goiás EC,São Paulo FC,2,0,FINISHED,2023
2023-10-19T00:30:00Z,BSA,CR Vasco da Gama,Fortaleza EC,1,0,FINISHED,2023
2023-10-19T22:00:00Z,BSA,Cruzeiro EC,CR Flamengo,0,2,FINISHED,2023
2023-10-19T22:00:00Z,BSA,SE Palmeiras,CA Mineiro,0,2,FINISHED,2023
2023-10-19T23:00:00Z,BSA,Santos FC,RB Bragantino,1,3,FINISHED,2023
2023-10-20T00:30:00Z,BSA,Fluminense FC,SC Corinthians Paulista,3,3,FINISHED,2023
2023-10-21T21:30:00Z,BSA,São Paulo FC,Grêmio FBPA,3,0,FINISHED,2023
2023-10-21T21:30:00Z,BSA,Cuiabá EC,Goiás EC,1,1,FINISHED,2023
2023-10-21T21:30:00Z,BSA,EC Bahia,Fortaleza EC,2,0,FINISHED,2023
2023-10-22T00:00:00Z,BSA,Botafogo FR,CA Paranaense,1,1,FINISHED,2023
2023-10-22T19:00:00Z,BSA,CR Flamengo,CR Vasco da Gama,1,0,FINISHED,2023
2023-10-22T19:00:00Z,BSA,CA Mineiro,Cruzeiro EC,0,1,FINISHED,2023
2023-10-22T19:00:00Z,BSA,SC Internacional,Santos FC,7,1,FINISHED,2023
2023-10-22T21:30:00Z,BSA,RB Bragantino,Fluminense FC,1,0,FINISHED,2023
2023-10-22T21:30:00Z,BSA,SC Corinthians Paulista,América FC,1,1,FINISHED,2023
2023-10-22T21:30:00Z,BSA,Coritiba FBC,SE Palmeiras,0,2,FINISHED,2023
2023-10-25T22:00:00Z,BSA,CA Paranaense,América FC,3,2,FINISHED,2023
2023-10-25T22:00:00Z,BSA,RB Bragantino,CA Mineiro,1,2,FINISHED,2023
2023-10-25T22:00:00Z,BSA,Fluminense FC,Goiás EC,5,3,FINISHED,2023
2023-10-25T23:00:00Z,BSA,Cruzeiro EC,EC Bahia,3,0,FINISHED,2023
2023-10-25T23:00:00Z,BSA,SE Palmeiras,São Paulo FC,5,0,FINISHED,2023
2023-10-26T00:30:00Z,BSA,Cuiabá EC,SC Corinthians Paulista,0,1,FINISHED,2023
2023-10-26T00:30:00Z,BSA,Grêmio FBPA,CR Flamengo,3,2,FINISHED,2023
2023-10-26T22:00:00Z,BSA,CR Vasco da Gama,SC Internacional,1,2,FINISHED,2023
2023-10-27T00:30:00Z,BSA,Santos FC,Coritiba FBC,2,1,FINISHED,2023
2023-10-28T22:00:00Z,BSA,SE Palmeiras,EC Bahia,1,0,FINISHED,2023
2023-10-28T22:00:00Z,BSA,América FC,Grêmio FBPA,3,4,FINISHED,2023
2023-10-29T01:00:00Z,BSA,CA Mineiro,Fluminense FC,2,0,FINISHED,2023
2023-10-29T19:00:00Z,BSA,Goiás EC,CR Vasco da Gama,1,1,FINISHED,2023
2023-10-29T19:00:00Z,BSA,CA Paranaense,São Paulo FC,1,1,FINISHED,2023
2023-10-29T21:30:00Z,BSA,SC Corinthians Paulista,Santos FC,1,1,FINISHED,2023
2023-10-29T21:30:00Z,BSA,SC Internacional,Coritiba FBC,3,4,FINISHED,2023
2023-10-29T23:00:00Z,BSA,Botafogo FR,Cuiabá EC,0,1,FINISHED,2023
2023-10-31T22:00:00Z,BSA,EC Bahia,Fluminense FC,1,0,FINISHED,2023
2023-11-01T22:00:00Z,BSA,SC Corinthians Paulista,CA Paranaense,1,0,FINISHED,2023
2023-11-01T22:00:00Z,BSA,SC Internacional,América FC,1,1,FINISHED,2023
2023-11-01T23:00:00Z,BSA,Coritiba FBC,Grêmio FBPA,1,2,FINISHED,2023
2023-11-01T23:00:00Z,BSA,CR Flamengo,Santos FC,1,2,FINISHED,2023
2023-11-02T00:30:00Z,BSA,CA Mineiro,Fortaleza EC,3,1,FINISHED,2023
2023-11-02T00:30:00Z,BSA,Botafogo FR,SE Palmeiras,3,4,FINISHED,2023
2023-11-02T20:00:00Z,BSA,Cuiabá EC,CR Vasco da Gama,0,2,FINISHED,2023
2023-11-02T21:00:00Z,BSA,Goiás EC,RB Bragantino,0,2,FINISHED,2023
2023-11-02T23:00:00Z,BSA,São Paulo FC,Cruzeiro EC,1,0,FINISHED,2023
2023-11-04T22:30:00Z,BSA,Grêmio FBPA,EC Bahia,1,0,FINISHED,2023
2023-11-04T22:30:00Z,BSA,América FC,CA Mineiro,1,1,FINISHED,2023
2023-11-05T00:30:00Z,BSA,SE Palmeiras,CA Paranaense,1,0,FINISHED,2023
2023-11-05T19:00:00Z,BSA,RB Bragantino,SC Corinthians Paulista,1,0,FINISHED,2023
2023-11-05T19:00:00Z,BSA,Cruzeiro EC,SC Internacional,1,2,FINISHED,2023
2023-11-05T19:00:00Z,BSA,Fortaleza EC,CR Flamengo,0,2,FINISHED,2023
2023-11-05T21:30:00Z,BSA,Coritiba FBC,Goiás EC,0,1,FINISHED,2023
2023-11-06T22:00:00Z,BSA,CR Vasco da Gama,Botafogo FR,1,0,FINISHED,2023
2023-11-07T00:00:00Z,BSA,Santos FC,Cuiabá EC,0,0,FINISHED,2023
2023-11-08T22:00:00Z,BSA,SC Internacional,Fluminense FC,0,0,FINISHED,2023
2023-11-08T22:00:00Z,BSA,América FC,Coritiba FBC,0,3,FINISHED,2023
2023-11-08T23:00:00Z,BSA,São Paulo FC,RB Bragantino,1,0,FINISHED,2023
2023-11-08T23:00:00Z,BSA,CA Paranaense,Fortaleza EC,1,1,FINISHED,2023
2023-11-09T00:30:00Z,BSA,CR Flamengo,SE Palmeiras,3,0,FINISHED,2023
2023-11-09T22:00:00Z,BSA,SC Corinthians Paulista,CA Mineiro,1,1,FINISHED,2023
2023-11-09T22:00:00Z,BSA,Goiás EC,Santos FC,0,1,FINISHED,2023
2023-11-09T23:00:00Z,BSA,EC Bahia,Cuiabá EC,0,3,FINISHED,2023
2023-11-09T23:00:00Z,BSA,Botafogo FR,Grêmio FBPA,3,4,FINISHED,2023
2023-11-11T19:00:00Z,BSA,Coritiba FBC,Cruzeiro EC,1,0,FINISHED,2023
2023-11-11T21:30:00Z,BSA,CR Flamengo,Fluminense FC,1,1,FINISHED,2023
2023-11-12T00:00:00Z,BSA,SE Palmeiras,SC Internacional,3,0,FINISHED,2023
2023-11-12T19:00:00Z,BSA,Grêmio FBPA,SC Corinthians Paulista,0,1,FINISHED,2023
2023-11-12T19:00:00Z,BSA,RB Bragantino,Botafogo FR,2,2,FINISHED,2023
2023-11-12T21:30:00Z,BSA,Cuiabá EC,Fortaleza EC,2,1,FINISHED,2023
2023-11-12T21:30:00Z,BSA,EC Bahia,CA Paranaense,1,1,FINISHED,2023
2023-11-12T21:30:00Z,BSA,CA Mineiro,Goiás EC,2,1,FINISHED,2023
2023-11-12T21:30:00Z,BSA,Santos FC,São Paulo FC,0,0,FINISHED,2023
2023-11-12T21:30:00Z,BSA,CR Vasco da Gama,América FC,2,1,FINISHED,2023
2023-11-18T21:30:00Z,BSA,Fortaleza EC,Cruzeiro EC,0,1,FINISHED,2023
2023-11-22T22:00:00Z,BSA,Cruzeiro EC,CR Vasco da Gama,2,2,FINISHED,2023
2023-11-23T00:30:00Z,BSA,Fluminense FC,São Paulo FC,1,0,FINISHED,2023
2023-11-23T22:00:00Z,BSA,Fortaleza EC,Botafogo FR,2,2,FINISHED,2023
2023-11-24T00:30:00Z,BSA,CR Flamengo,RB Bragantino,1,0,FINISHED,2023
2023-11-25T00:00:00Z,BSA,SC Corinthians Paulista,EC Bahia,1,5,FINISHED,2023
2023-11-25T22:30:00Z,BSA,CA Paranaense,CR Vasco da Gama,0,0,FINISHED,2023
2023-11-26T00:00:00Z,BSA,Fluminense FC,Coritiba FBC,2,1,FINISHED,2023
2023-11-26T19:00:00Z,BSA,Botafogo FR,Santos FC,1,1,FINISHED,2023
2023-11-26T19:00:00Z,BSA,CA Mineiro,Grêmio FBPA,3,0,FINISHED,2023
2023-11-26T21:30:00Z,BSA,São Paulo FC,Cuiabá EC,0,0,FINISHED,2023
2023-11-26T21:30:00Z,BSA,América FC,CR Flamengo,0,3,FINISHED,2023
2023-11-26T21:30:00Z,BSA,Fortaleza EC,SE Palmeiras,2,2,FINISHED,2023
2023-11-26T21:30:00Z,BSA,SC Internacional,RB Bragantino,1,0,FINISHED,2023
2023-11-28T00:00:00Z,BSA,Goiás EC,Cruzeiro EC,0,1,FINISHED,2023
2023-11-29T00:30:00Z,BSA,CR Vasco da Gama,SC Corinthians Paulista,2,4,FINISHED,2023
2023-11-29T22:00:00Z,BSA,Santos FC,Fluminense FC,0,3,FINISHED,2023
2023-11-29T22:30:00Z,BSA,CR Flamengo,CA Mineiro,0,3,FINISHED,2023
2023-11-29T23:00:00Z,BSA,EC Bahia,São Paulo FC,0,1,FINISHED,2023
2023-11-29T23:00:00Z,BSA,Cuiabá EC,SC Internacional,0,2,FINISHED,2023
2023-11-30T00:30:00Z,BSA,Coritiba FBC,Botafogo FR,1,1,FINISHED,2023
2023-11-30T00:30:00Z,BSA,SE Palmeiras,América FC,4,0,FINISHED,2023
2023-11-30T22:00:00Z,BSA,Grêmio FBPA,Goiás EC,2,1,FINISHED,2023
2023-11-30T23:00:00Z,BSA,Cruzeiro EC,CA Paranaense,1,1,FINISHED,2023
2023-11-30T23:30:00Z,BSA,RB Bragantino,Fortaleza EC,1,2,FINISHED,2023
2023-12-02T21:00:00Z,BSA,SC Corinthians Paulista,SC Internacional,1,2,FINISHED,2023
2023-12-03T00:00:00Z,BSA,CA Mineiro,São Paulo FC,2,1,FINISHED,2023
2023-12-03T19:00:00Z,BSA,CR Flamengo,Cuiabá EC,2,1,FINISHED,2023
2023-12-03T19:00:00Z,BSA,SE Palmeiras,Fluminense FC,1,0,FINISHED,2023
2023-12-03T21:30:00Z,BSA,Botafogo FR,Cruzeiro EC,0,0,FINISHED,2023
2023-12-03T21:30:00Z,BSA,RB Bragantino,Coritiba FBC,1,0,FINISHED,2023
2023-12-03T21:30:00Z,BSA,Grêmio FBPA,CR Vasco da Gama,1,0,FINISHED,2023
2023-12-03T21:30:00Z,BSA,CA Paranaense,Santos FC,3,0,FINISHED,2023
2023-12-03T21:30:00Z,BSA,Fortaleza EC,Goiás EC,1,0,FINISHED,2023
2023-12-03T21:30:00Z,BSA,América FC,EC Bahia,3,2,FINISHED,2023
2023-12-06T22:00:00Z,BSA,Goiás EC,América FC,1,0,FINISHED,2023
2023-12-07T00:30:00Z,BSA,Cuiabá EC,CA Paranaense,3,0,FINISHED,2023
2023-12-07T00:30:00Z,BSA,EC Bahia,CA Mineiro,4,1,FINISHED,2023
2023-12-07T00:30:00Z,BSA,Coritiba FBC,SC Corinthians Paulista,0,2,FINISHED,2023
2023-12-07T00:30:00Z,BSA,SC Internacional,Botafogo FR,3,1,FINISHED,2023
2023-12-07T00:30:00Z,BSA,Cruzeiro EC,SE Palmeiras,1,1,FINISHED,2023
2023-12-07T00:30:00Z,BSA,Fluminense FC,Grêmio FBPA,2,3,FINISHED,2023
2023-12-07T00:30:00Z,BSA,CR Vasco da Gama,RB Bragantino,2,1,FINISHED,2023
2023-12-07T00:30:00Z,BSA,São Paulo FC,CR Flamengo,1,0,FINISHED,2023
2023-12-07T00:30:00Z,BSA,Santos FC,Fortaleza EC,1,2,FINISHED,2023
